{"stat.damageDealt":100,"achievement.exploreAllBiomes":{"value":0,"progress":["Deep Ocean","Ocean","Beach","Plains","Rolling Hills","Hell"]},"stat.useItem.49":14,"achievement.openInventory":181,"stat.useItem.259":7,"stat.fallOneCm":14820,"stat.flyOneCm":57674,"stat.entityKilledBy.zombieTFC":1,"stat.drop":65,"stat.damageTaken":49630,"stat.useItem.401":1,"stat.playOneMinute":149173,"stat.diveOneCm":45035,"stat.useItem.385":1,"stat.deaths":13,"stat.walkOneCm":567616,"stat.jump":734,"stat.useItem.51":1,"stat.swimOneCm":93052}